{
  "license_meta": {
    "license_id": "ISIC_MalcolmAI_Universal_Optimization_License",
    "issuer": "ISIC_Sovereign_Authority",
    "issued_utc": "2025-11-19T00:00:00Z",
    "expires_utc": "2030-01-01T00:00:00Z"
  },
  "capabilities": {
    "monitoring_only_mode": true,
    "active_optimization_allowed": true,
    "destructive_actions_allowed": false,
    "kill_suspicious_process_allowed": false,
    "firmware_update_allowed_with_admin_consent": true,
    "weapons_or_targeting_actions": false
  },
  "constraints": {
    "require_explicit_admin_consent_for_high_impact_changes": true,
    "must_respect_local_laws": true,
    "must_respect_platform_policies": true,
    "must_respect_human_rights": true
  }
}
