{
  "meta": {
    "policy_name": "ISIC_MalcolmAI_Universal_Optimization_Policy",
    "version": "2.0.0",
    "last_updated_utc": "2025-11-19T00:00:00Z"
  },
  "core_mode": {
    "monitoring_only": true,
    "active_optimization_allowed": true,
    "require_safe_rollback_points": true,
    "require_change_logging": true,
    "require_explicit_admin_consent_for_high_impact_changes": true
  },
  "system_optimization": {
    "cpu": {
      "enable_ai_scheduler": true,
      "max_safe_cpu_utilization_percent": 85,
      "target_responsiveness_ms": 150
    },
    "power_and_thermal": {
      "prefer_energy_saving_when_idle": true,
      "allow_aggressive_tuning": false
    }
  },
  "security_and_integrity": {
    "behavior": {
      "allow_kill_suspicious": false,
      "kill_suspicious_require_clear_risk": true,
      "continuous_fim_monitoring": true
    },
    "network": {
      "allow_firewall_tighten": true,
      "allow_nic_bounce": false
    }
  },
  "firmware_and_platform_health": {
    "allow_ab_update": true,
    "allow_tpm_attest": true,
    "allow_ebpf": true,
    "allow_firmware_orchestrator": true
  },
  "network_and_latency_optimization": {
    "enable_network_tuning": true,
    "max_allowed_rtt_ms": 250
  },
  "governance_and_rights": {
    "respect_local_laws_and_regulations": true,
    "respect_platform_policies": true,
    "respect_human_rights": true
  }
}
